number,symbol,r0,r1,r2,r3,r4,r5,r6,r7,r8,t0,t1,t2
1,p1,1,0,0,0,1,0,0,0,1,0,0,0
2,p-1,1,0,0,0,1,0,0,0,1,0,0,0
2,p-1,-1,0,0,0,-1,0,0,0,-1,0,0,0
3,p211,1,0,0,0,1,0,0,0,1,0,0,0
3,p211,1,0,0,0,-1,0,0,0,-1,0,0,0
4,pm11,1,0,0,0,1,0,0,0,1,0,0,0
4,pm11,-1,0,0,0,1,0,0,0,1,0,0,0
5,pc11,1,0,0,0,1,0,0,0,1,0,0,0
5,pc11,-1,0,0,0,1,0,0,0,1,0,0,6
6,p2/m11,1,0,0,0,1,0,0,0,1,0,0,0
6,p2/m11,1,0,0,0,-1,0,0,0,-1,0,0,0
6,p2/m11,-1,0,0,0,-1,0,0,0,-1,0,0,0
6,p2/m11,-1,0,0,0,1,0,0,0,1,0,0,0
7,p2/c11,1,0,0,0,1,0,0,0,1,0,0,0
7,p2/c11,1,0,0,0,-1,0,0,0,-1,0,0,6
7,p2/c11,-1,0,0,0,-1,0,0,0,-1,0,0,0
7,p2/c11,-1,0,0,0,1,0,0,0,1,0,0,6
8,p112,1,0,0,0,1,0,0,0,1,0,0,0
8,p112,-1,0,0,0,-1,0,0,0,1,0,0,0
9,p1121,1,0,0,0,1,0,0,0,1,0,0,0
9,p1121,-1,0,0,0,-1,0,0,0,1,0,0,6
10,p11m,1,0,0,0,1,0,0,0,1,0,0,0
10,p11m,1,0,0,0,1,0,0,0,-1,0,0,0
11,p112/m,1,0,0,0,1,0,0,0,1,0,0,0
11,p112/m,-1,0,0,0,-1,0,0,0,1,0,0,0
11,p112/m,-1,0,0,0,-1,0,0,0,-1,0,0,0
11,p112/m,1,0,0,0,1,0,0,0,-1,0,0,0
12,p1121/m,1,0,0,0,1,0,0,0,1,0,0,0
12,p1121/m,-1,0,0,0,-1,0,0,0,1,0,0,6
12,p1121/m,-1,0,0,0,-1,0,0,0,-1,0,0,0
12,p1121/m,1,0,0,0,1,0,0,0,-1,0,0,6
13,p222,1,0,0,0,1,0,0,0,1,0,0,0
13,p222,-1,0,0,0,-1,0,0,0,1,0,0,0
13,p222,-1,0,0,0,1,0,0,0,-1,0,0,0
13,p222,1,0,0,0,-1,0,0,0,-1,0,0,0
14,p2221,1,0,0,0,1,0,0,0,1,0,0,0
14,p2221,-1,0,0,0,-1,0,0,0,1,0,0,6
14,p2221,-1,0,0,0,1,0,0,0,-1,0,0,6
14,p2221,1,0,0,0,-1,0,0,0,-1,0,0,0
15,pmm2,1,0,0,0,1,0,0,0,1,0,0,0
15,pmm2,-1,0,0,0,-1,0,0,0,1,0,0,0
15,pmm2,1,0,0,0,-1,0,0,0,1,0,0,0
15,pmm2,-1,0,0,0,1,0,0,0,1,0,0,0
16,pcc2,1,0,0,0,1,0,0,0,1,0,0,0
16,pcc2,-1,0,0,0,-1,0,0,0,1,0,0,0
16,pcc2,1,0,0,0,-1,0,0,0,1,0,0,6
16,pcc2,-1,0,0,0,1,0,0,0,1,0,0,6
17,pmc21,1,0,0,0,1,0,0,0,1,0,0,0
17,pmc21,-1,0,0,0,-1,0,0,0,1,0,0,6
17,pmc21,1,0,0,0,-1,0,0,0,1,0,0,6
17,pmc21,-1,0,0,0,1,0,0,0,1,0,0,0
18,p2mm,1,0,0,0,1,0,0,0,1,0,0,0
18,p2mm,1,0,0,0,-1,0,0,0,-1,0,0,0
18,p2mm,1,0,0,0,1,0,0,0,-1,0,0,0
18,p2mm,1,0,0,0,-1,0,0,0,1,0,0,0
19,p2cm,1,0,0,0,1,0,0,0,1,0,0,0
19,p2cm,1,0,0,0,-1,0,0,0,-1,0,0,0
19,p2cm,1,0,0,0,-1,0,0,0,1,0,0,6
19,p2cm,1,0,0,0,1,0,0,0,-1,0,0,6
20,pmmm,1,0,0,0,1,0,0,0,1,0,0,0
20,pmmm,-1,0,0,0,-1,0,0,0,1,0,0,0
20,pmmm,-1,0,0,0,1,0,0,0,-1,0,0,0
20,pmmm,1,0,0,0,-1,0,0,0,-1,0,0,0
20,pmmm,-1,0,0,0,-1,0,0,0,-1,0,0,0
20,pmmm,1,0,0,0,1,0,0,0,-1,0,0,0
20,pmmm,1,0,0,0,-1,0,0,0,1,0,0,0
20,pmmm,-1,0,0,0,1,0,0,0,1,0,0,0
21,pccm,1,0,0,0,1,0,0,0,1,0,0,0
21,pccm,-1,0,0,0,-1,0,0,0,1,0,0,0
21,pccm,-1,0,0,0,1,0,0,0,-1,0,0,6
21,pccm,1,0,0,0,-1,0,0,0,-1,0,0,6
21,pccm,-1,0,0,0,-1,0,0,0,-1,0,0,0
21,pccm,1,0,0,0,1,0,0,0,-1,0,0,0
21,pccm,1,0,0,0,-1,0,0,0,1,0,0,6
21,pccm,-1,0,0,0,1,0,0,0,1,0,0,6
22,pmcm,1,0,0,0,1,0,0,0,1,0,0,0
22,pmcm,-1,0,0,0,1,0,0,0,-1,0,0,6
22,pmcm,1,0,0,0,-1,0,0,0,-1,0,0,0
22,pmcm,-1,0,0,0,-1,0,0,0,1,0,0,6
22,pmcm,-1,0,0,0,-1,0,0,0,-1,0,0,0
22,pmcm,1,0,0,0,-1,0,0,0,1,0,0,6
22,pmcm,-1,0,0,0,1,0,0,0,1,0,0,0
22,pmcm,1,0,0,0,1,0,0,0,-1,0,0,6
23,p4,1,0,0,0,1,0,0,0,1,0,0,0
23,p4,-1,0,0,0,-1,0,0,0,1,0,0,0
23,p4,0,-1,0,1,0,0,0,0,1,0,0,0
23,p4,0,1,0,-1,0,0,0,0,1,0,0,0
24,p41,1,0,0,0,1,0,0,0,1,0,0,0
24,p41,-1,0,0,0,-1,0,0,0,1,0,0,6
24,p41,0,-1,0,1,0,0,0,0,1,0,0,3
24,p41,0,1,0,-1,0,0,0,0,1,0,0,9
25,p42,1,0,0,0,1,0,0,0,1,0,0,0
25,p42,-1,0,0,0,-1,0,0,0,1,0,0,0
25,p42,0,-1,0,1,0,0,0,0,1,0,0,6
25,p42,0,1,0,-1,0,0,0,0,1,0,0,6
26,p43,1,0,0,0,1,0,0,0,1,0,0,0
26,p43,-1,0,0,0,-1,0,0,0,1,0,0,6
26,p43,0,-1,0,1,0,0,0,0,1,0,0,9
26,p43,0,1,0,-1,0,0,0,0,1,0,0,3
27,p-4,1,0,0,0,1,0,0,0,1,0,0,0
27,p-4,-1,0,0,0,-1,0,0,0,1,0,0,0
27,p-4,0,1,0,-1,0,0,0,0,-1,0,0,0
27,p-4,0,-1,0,1,0,0,0,0,-1,0,0,0
28,p4/m,1,0,0,0,1,0,0,0,1,0,0,0
28,p4/m,-1,0,0,0,-1,0,0,0,1,0,0,0
28,p4/m,0,-1,0,1,0,0,0,0,1,0,0,0
28,p4/m,0,1,0,-1,0,0,0,0,1,0,0,0
28,p4/m,-1,0,0,0,-1,0,0,0,-1,0,0,0
28,p4/m,1,0,0,0,1,0,0,0,-1,0,0,0
28,p4/m,0,1,0,-1,0,0,0,0,-1,0,0,0
28,p4/m,0,-1,0,1,0,0,0,0,-1,0,0,0
29,p42/m,1,0,0,0,1,0,0,0,1,0,0,0
29,p42/m,-1,0,0,0,-1,0,0,0,1,0,0,0
29,p42/m,0,-1,0,1,0,0,0,0,1,0,0,6
29,p42/m,0,1,0,-1,0,0,0,0,1,0,0,6
29,p42/m,-1,0,0,0,-1,0,0,0,-1,0,0,0
29,p42/m,1,0,0,0,1,0,0,0,-1,0,0,0
29,p42/m,0,1,0,-1,0,0,0,0,-1,0,0,6
29,p42/m,0,-1,0,1,0,0,0,0,-1,0,0,6
30,p422,1,0,0,0,1,0,0,0,1,0,0,0
30,p422,-1,0,0,0,-1,0,0,0,1,0,0,0
30,p422,0,-1,0,1,0,0,0,0,1,0,0,0
30,p422,0,1,0,-1,0,0,0,0,1,0,0,0
30,p422,-1,0,0,0,1,0,0,0,-1,0,0,0
30,p422,1,0,0,0,-1,0,0,0,-1,0,0,0
30,p422,0,1,0,1,0,0,0,0,-1,0,0,0
30,p422,0,-1,0,-1,0,0,0,0,-1,0,0,0
31,p4122,1,0,0,0,1,0,0,0,1,0,0,0
31,p4122,-1,0,0,0,-1,0,0,0,1,0,0,6
31,p4122,0,-1,0,1,0,0,0,0,1,0,0,3
31,p4122,0,1,0,-1,0,0,0,0,1,0,0,9
31,p4122,1,0,0,0,-1,0,0,0,-1,0,0,0
31,p4122,-1,0,0,0,1,0,0,0,-1,0,0,6
31,p4122,0,1,0,1,0,0,0,0,-1,0,0,3
31,p4122,0,-1,0,-1,0,0,0,0,-1,0,0,9
32,p4222,1,0,0,0,1,0,0,0,1,0,0,0
32,p4222,-1,0,0,0,-1,0,0,0,1,0,0,0
32,p4222,0,-1,0,1,0,0,0,0,1,0,0,6
32,p4222,0,1,0,-1,0,0,0,0,1,0,0,6
32,p4222,-1,0,0,0,1,0,0,0,-1,0,0,0
32,p4222,1,0,0,0,-1,0,0,0,-1,0,0,0
32,p4222,0,1,0,1,0,0,0,0,-1,0,0,6
32,p4222,0,-1,0,-1,0,0,0,0,-1,0,0,6
33,p4322,1,0,0,0,1,0,0,0,1,0,0,0
33,p4322,-1,0,0,0,-1,0,0,0,1,0,0,6
33,p4322,0,-1,0,1,0,0,0,0,1,0,0,9
33,p4322,0,1,0,-1,0,0,0,0,1,0,0,3
33,p4322,1,0,0,0,-1,0,0,0,-1,0,0,0
33,p4322,-1,0,0,0,1,0,0,0,-1,0,0,6
33,p4322,0,1,0,1,0,0,0,0,-1,0,0,9
33,p4322,0,-1,0,-1,0,0,0,0,-1,0,0,3
34,p4mm,1,0,0,0,1,0,0,0,1,0,0,0
34,p4mm,-1,0,0,0,-1,0,0,0,1,0,0,0
34,p4mm,0,-1,0,1,0,0,0,0,1,0,0,0
34,p4mm,0,1,0,-1,0,0,0,0,1,0,0,0
34,p4mm,1,0,0,0,-1,0,0,0,1,0,0,0
34,p4mm,-1,0,0,0,1,0,0,0,1,0,0,0
34,p4mm,0,-1,0,-1,0,0,0,0,1,0,0,0
34,p4mm,0,1,0,1,0,0,0,0,1,0,0,0
35,p42cm,1,0,0,0,1,0,0,0,1,0,0,0
35,p42cm,-1,0,0,0,-1,0,0,0,1,0,0,0
35,p42cm,0,-1,0,1,0,0,0,0,1,0,0,6
35,p42cm,0,1,0,-1,0,0,0,0,1,0,0,6
35,p42cm,1,0,0,0,-1,0,0,0,1,0,0,6
35,p42cm,-1,0,0,0,1,0,0,0,1,0,0,6
35,p42cm,0,-1,0,-1,0,0,0,0,1,0,0,0
35,p42cm,0,1,0,1,0,0,0,0,1,0,0,0
36,p4cc,1,0,0,0,1,0,0,0,1,0,0,0
36,p4cc,-1,0,0,0,-1,0,0,0,1,0,0,0
36,p4cc,0,-1,0,1,0,0,0,0,1,0,0,0
36,p4cc,0,1,0,-1,0,0,0,0,1,0,0,0
36,p4cc,1,0,0,0,-1,0,0,0,1,0,0,6
36,p4cc,-1,0,0,0,1,0,0,0,1,0,0,6
36,p4cc,0,-1,0,-1,0,0,0,0,1,0,0,6
36,p4cc,0,1,0,1,0,0,0,0,1,0,0,6
37,p-42m,1,0,0,0,1,0,0,0,1,0,0,0
37,p-42m,-1,0,0,0,-1,0,0,0,1,0,0,0
37,p-42m,0,1,0,-1,0,0,0,0,-1,0,0,0
37,p-42m,0,-1,0,1,0,0,0,0,-1,0,0,0
37,p-42m,-1,0,0,0,1,0,0,0,-1,0,0,0
37,p-42m,1,0,0,0,-1,0,0,0,-1,0,0,0
37,p-42m,0,-1,0,-1,0,0,0,0,1,0,0,0
37,p-42m,0,1,0,1,0,0,0,0,1,0,0,0
38,p-42c,1,0,0,0,1,0,0,0,1,0,0,0
38,p-42c,-1,0,0,0,-1,0,0,0,1,0,0,0
38,p-42c,0,1,0,-1,0,0,0,0,-1,0,0,0
38,p-42c,0,-1,0,1,0,0,0,0,-1,0,0,0
38,p-42c,-1,0,0,0,1,0,0,0,-1,0,0,6
38,p-42c,1,0,0,0,-1,0,0,0,-1,0,0,6
38,p-42c,0,-1,0,-1,0,0,0,0,1,0,0,6
38,p-42c,0,1,0,1,0,0,0,0,1,0,0,6
39,p4/mmm,1,0,0,0,1,0,0,0,1,0,0,0
39,p4/mmm,-1,0,0,0,-1,0,0,0,1,0,0,0
39,p4/mmm,0,-1,0,1,0,0,0,0,1,0,0,0
39,p4/mmm,0,1,0,-1,0,0,0,0,1,0,0,0
39,p4/mmm,-1,0,0,0,1,0,0,0,-1,0,0,0
39,p4/mmm,1,0,0,0,-1,0,0,0,-1,0,0,0
39,p4/mmm,0,1,0,1,0,0,0,0,-1,0,0,0
39,p4/mmm,0,-1,0,-1,0,0,0,0,-1,0,0,0
39,p4/mmm,-1,0,0,0,-1,0,0,0,-1,0,0,0
39,p4/mmm,1,0,0,0,1,0,0,0,-1,0,0,0
39,p4/mmm,0,1,0,-1,0,0,0,0,-1,0,0,0
39,p4/mmm,0,-1,0,1,0,0,0,0,-1,0,0,0
39,p4/mmm,1,0,0,0,-1,0,0,0,1,0,0,0
39,p4/mmm,-1,0,0,0,1,0,0,0,1,0,0,0
39,p4/mmm,0,-1,0,-1,0,0,0,0,1,0,0,0
39,p4/mmm,0,1,0,1,0,0,0,0,1,0,0,0
40,p4/mcc,1,0,0,0,1,0,0,0,1,0,0,0
40,p4/mcc,-1,0,0,0,-1,0,0,0,1,0,0,0
40,p4/mcc,0,-1,0,1,0,0,0,0,1,0,0,0
40,p4/mcc,0,1,0,-1,0,0,0,0,1,0,0,0
40,p4/mcc,-1,0,0,0,1,0,0,0,-1,0,0,6
40,p4/mcc,1,0,0,0,-1,0,0,0,-1,0,0,6
40,p4/mcc,0,1,0,1,0,0,0,0,-1,0,0,6
40,p4/mcc,0,-1,0,-1,0,0,0,0,-1,0,0,6
40,p4/mcc,-1,0,0,0,-1,0,0,0,-1,0,0,0
40,p4/mcc,1,0,0,0,1,0,0,0,-1,0,0,0
40,p4/mcc,0,1,0,-1,0,0,0,0,-1,0,0,0
40,p4/mcc,0,-1,0,1,0,0,0,0,-1,0,0,0
40,p4/mcc,1,0,0,0,-1,0,0,0,1,0,0,6
40,p4/mcc,-1,0,0,0,1,0,0,0,1,0,0,6
40,p4/mcc,0,-1,0,-1,0,0,0,0,1,0,0,6
40,p4/mcc,0,1,0,1,0,0,0,0,1,0,0,6
41,p42/mmc,1,0,0,0,1,0,0,0,1,0,0,0
41,p42/mmc,-1,0,0,0,-1,0,0,0,1,0,0,0
41,p42/mmc,0,-1,0,1,0,0,0,0,1,0,0,6
41,p42/mmc,0,1,0,-1,0,0,0,0,1,0,0,6
41,p42/mmc,-1,0,0,0,1,0,0,0,-1,0,0,0
41,p42/mmc,1,0,0,0,-1,0,0,0,-1,0,0,0
41,p42/mmc,0,1,0,1,0,0,0,0,-1,0,0,6
41,p42/mmc,0,-1,0,-1,0,0,0,0,-1,0,0,6
41,p42/mmc,-1,0,0,0,-1,0,0,0,-1,0,0,0
41,p42/mmc,1,0,0,0,1,0,0,0,-1,0,0,0
41,p42/mmc,0,1,0,-1,0,0,0,0,-1,0,0,6
41,p42/mmc,0,-1,0,1,0,0,0,0,-1,0,0,6
41,p42/mmc,1,0,0,0,-1,0,0,0,1,0,0,0
41,p42/mmc,-1,0,0,0,1,0,0,0,1,0,0,0
41,p42/mmc,0,-1,0,-1,0,0,0,0,1,0,0,6
41,p42/mmc,0,1,0,1,0,0,0,0,1,0,0,6
42,p3,1,0,0,0,1,0,0,0,1,0,0,0
42,p3,0,-1,0,1,-1,0,0,0,1,0,0,0
42,p3,-1,1,0,-1,0,0,0,0,1,0,0,0
43,p31,1,0,0,0,1,0,0,0,1,0,0,0
43,p31,0,-1,0,1,-1,0,0,0,1,0,0,4
43,p31,-1,1,0,-1,0,0,0,0,1,0,0,8
44,p32,1,0,0,0,1,0,0,0,1,0,0,0
44,p32,0,-1,0,1,-1,0,0,0,1,0,0,8
44,p32,-1,1,0,-1,0,0,0,0,1,0,0,4
45,p-3,1,0,0,0,1,0,0,0,1,0,0,0
45,p-3,0,-1,0,1,-1,0,0,0,1,0,0,0
45,p-3,-1,1,0,-1,0,0,0,0,1,0,0,0
45,p-3,-1,0,0,0,-1,0,0,0,-1,0,0,0
45,p-3,0,1,0,-1,1,0,0,0,-1,0,0,0
45,p-3,1,-1,0,1,0,0,0,0,-1,0,0,0
46,p312,1,0,0,0,1,0,0,0,1,0,0,0
46,p312,0,-1,0,1,-1,0,0,0,1,0,0,0
46,p312,-1,1,0,-1,0,0,0,0,1,0,0,0
46,p312,0,-1,0,-1,0,0,0,0,-1,0,0,0
46,p312,-1,1,0,0,1,0,0,0,-1,0,0,0
46,p312,1,0,0,1,-1,0,0,0,-1,0,0,0
47,p3112,1,0,0,0,1,0,0,0,1,0,0,0
47,p3112,0,-1,0,1,-1,0,0,0,1,0,0,4
47,p3112,-1,1,0,-1,0,0,0,0,1,0,0,8
47,p3112,0,-1,0,-1,0,0,0,0,-1,0,0,8
47,p3112,-1,1,0,0,1,0,0,0,-1,0,0,4
47,p3112,1,0,0,1,-1,0,0,0,-1,0,0,0
48,p3212,1,0,0,0,1,0,0,0,1,0,0,0
48,p3212,0,-1,0,1,-1,0,0,0,1,0,0,8
48,p3212,-1,1,0,-1,0,0,0,0,1,0,0,4
48,p3212,0,-1,0,-1,0,0,0,0,-1,0,0,4
48,p3212,-1,1,0,0,1,0,0,0,-1,0,0,8
48,p3212,1,0,0,1,-1,0,0,0,-1,0,0,0
49,p3m1,1,0,0,0,1,0,0,0,1,0,0,0
49,p3m1,0,-1,0,1,-1,0,0,0,1,0,0,0
49,p3m1,-1,1,0,-1,0,0,0,0,1,0,0,0
49,p3m1,0,-1,0,-1,0,0,0,0,1,0,0,0
49,p3m1,-1,1,0,0,1,0,0,0,1,0,0,0
49,p3m1,1,0,0,1,-1,0,0,0,1,0,0,0
50,p3c1,1,0,0,0,1,0,0,0,1,0,0,0
50,p3c1,0,-1,0,1,-1,0,0,0,1,0,0,0
50,p3c1,-1,1,0,-1,0,0,0,0,1,0,0,0
50,p3c1,0,-1,0,-1,0,0,0,0,1,0,0,6
50,p3c1,-1,1,0,0,1,0,0,0,1,0,0,6
50,p3c1,1,0,0,1,-1,0,0,0,1,0,0,6
51,p-31m,1,0,0,0,1,0,0,0,1,0,0,0
51,p-31m,0,-1,0,1,-1,0,0,0,1,0,0,0
51,p-31m,-1,1,0,-1,0,0,0,0,1,0,0,0
51,p-31m,0,-1,0,-1,0,0,0,0,-1,0,0,0
51,p-31m,-1,1,0,0,1,0,0,0,-1,0,0,0
51,p-31m,1,0,0,1,-1,0,0,0,-1,0,0,0
51,p-31m,-1,0,0,0,-1,0,0,0,-1,0,0,0
51,p-31m,0,1,0,-1,1,0,0,0,-1,0,0,0
51,p-31m,1,-1,0,1,0,0,0,0,-1,0,0,0
51,p-31m,0,1,0,1,0,0,0,0,1,0,0,0
51,p-31m,1,-1,0,0,-1,0,0,0,1,0,0,0
51,p-31m,-1,0,0,-1,1,0,0,0,1,0,0,0
52,p-31c,1,0,0,0,1,0,0,0,1,0,0,0
52,p-31c,0,-1,0,1,-1,0,0,0,1,0,0,0
52,p-31c,-1,1,0,-1,0,0,0,0,1,0,0,0
52,p-31c,0,-1,0,-1,0,0,0,0,-1,0,0,6
52,p-31c,-1,1,0,0,1,0,0,0,-1,0,0,6
52,p-31c,1,0,0,1,-1,0,0,0,-1,0,0,6
52,p-31c,-1,0,0,0,-1,0,0,0,-1,0,0,0
52,p-31c,0,1,0,-1,1,0,0,0,-1,0,0,0
52,p-31c,1,-1,0,1,0,0,0,0,-1,0,0,0
52,p-31c,0,1,0,1,0,0,0,0,1,0,0,6
52,p-31c,1,-1,0,0,-1,0,0,0,1,0,0,6
52,p-31c,-1,0,0,-1,1,0,0,0,1,0,0,6
53,p6,1,0,0,0,1,0,0,0,1,0,0,0
53,p6,0,-1,0,1,-1,0,0,0,1,0,0,0
53,p6,-1,1,0,-1,0,0,0,0,1,0,0,0
53,p6,-1,0,0,0,-1,0,0,0,1,0,0,0
53,p6,0,1,0,-1,1,0,0,0,1,0,0,0
53,p6,1,-1,0,1,0,0,0,0,1,0,0,0
54,p61,1,0,0,0,1,0,0,0,1,0,0,0
54,p61,0,-1,0,1,-1,0,0,0,1,0,0,4
54,p61,-1,1,0,-1,0,0,0,0,1,0,0,8
54,p61,-1,0,0,0,-1,0,0,0,1,0,0,6
54,p61,0,1,0,-1,1,0,0,0,1,0,0,10
54,p61,1,-1,0,1,0,0,0,0,1,0,0,2
55,p62,1,0,0,0,1,0,0,0,1,0,0,0
55,p62,0,-1,0,1,-1,0,0,0,1,0,0,8
55,p62,-1,1,0,-1,0,0,0,0,1,0,0,4
55,p62,-1,0,0,0,-1,0,0,0,1,0,0,0
55,p62,0,1,0,-1,1,0,0,0,1,0,0,8
55,p62,1,-1,0,1,0,0,0,0,1,0,0,4
56,p63,1,0,0,0,1,0,0,0,1,0,0,0
56,p63,0,-1,0,1,-1,0,0,0,1,0,0,0
56,p63,-1,1,0,-1,0,0,0,0,1,0,0,0
56,p63,-1,0,0,0,-1,0,0,0,1,0,0,6
56,p63,0,1,0,-1,1,0,0,0,1,0,0,6
56,p63,1,-1,0,1,0,0,0,0,1,0,0,6
57,p64,1,0,0,0,1,0,0,0,1,0,0,0
57,p64,0,-1,0,1,-1,0,0,0,1,0,0,4
57,p64,-1,1,0,-1,0,0,0,0,1,0,0,8
57,p64,-1,0,0,0,-1,0,0,0,1,0,0,0
57,p64,0,1,0,-1,1,0,0,0,1,0,0,4
57,p64,1,-1,0,1,0,0,0,0,1,0,0,8
58,p65,1,0,0,0,1,0,0,0,1,0,0,0
58,p65,0,-1,0,1,-1,0,0,0,1,0,0,8
58,p65,-1,1,0,-1,0,0,0,0,1,0,0,4
58,p65,-1,0,0,0,-1,0,0,0,1,0,0,6
58,p65,0,1,0,-1,1,0,0,0,1,0,0,2
58,p65,1,-1,0,1,0,0,0,0,1,0,0,10
59,p-6,1,0,0,0,1,0,0,0,1,0,0,0
59,p-6,0,-1,0,1,-1,0,0,0,1,0,0,0
59,p-6,-1,1,0,-1,0,0,0,0,1,0,0,0
59,p-6,1,0,0,0,1,0,0,0,-1,0,0,0
59,p-6,0,-1,0,1,-1,0,0,0,-1,0,0,0
59,p-6,-1,1,0,-1,0,0,0,0,-1,0,0,0
60,p6/m,1,0,0,0,1,0,0,0,1,0,0,0
60,p6/m,0,-1,0,1,-1,0,0,0,1,0,0,0
60,p6/m,-1,1,0,-1,0,0,0,0,1,0,0,0
60,p6/m,-1,0,0,0,-1,0,0,0,1,0,0,0
60,p6/m,0,1,0,-1,1,0,0,0,1,0,0,0
60,p6/m,1,-1,0,1,0,0,0,0,1,0,0,0
60,p6/m,-1,0,0,0,-1,0,0,0,-1,0,0,0
60,p6/m,0,1,0,-1,1,0,0,0,-1,0,0,0
60,p6/m,1,-1,0,1,0,0,0,0,-1,0,0,0
60,p6/m,1,0,0,0,1,0,0,0,-1,0,0,0
60,p6/m,0,-1,0,1,-1,0,0,0,-1,0,0,0
60,p6/m,-1,1,0,-1,0,0,0,0,-1,0,0,0
61,p63/m,1,0,0,0,1,0,0,0,1,0,0,0
61,p63/m,0,-1,0,1,-1,0,0,0,1,0,0,0
61,p63/m,-1,1,0,-1,0,0,0,0,1,0,0,0
61,p63/m,-1,0,0,0,-1,0,0,0,1,0,0,6
61,p63/m,0,1,0,-1,1,0,0,0,1,0,0,6
61,p63/m,1,-1,0,1,0,0,0,0,1,0,0,6
61,p63/m,-1,0,0,0,-1,0,0,0,-1,0,0,0
61,p63/m,0,1,0,-1,1,0,0,0,-1,0,0,0
61,p63/m,1,-1,0,1,0,0,0,0,-1,0,0,0
61,p63/m,1,0,0,0,1,0,0,0,-1,0,0,6
61,p63/m,0,-1,0,1,-1,0,0,0,-1,0,0,6
61,p63/m,-1,1,0,-1,0,0,0,0,-1,0,0,6
62,p622,1,0,0,0,1,0,0,0,1,0,0,0
62,p622,0,-1,0,1,-1,0,0,0,1,0,0,0
62,p622,-1,1,0,-1,0,0,0,0,1,0,0,0
62,p622,-1,0,0,0,-1,0,0,0,1,0,0,0
62,p622,0,1,0,-1,1,0,0,0,1,0,0,0
62,p622,1,-1,0,1,0,0,0,0,1,0,0,0
62,p622,0,1,0,1,0,0,0,0,-1,0,0,0
62,p622,1,-1,0,0,-1,0,0,0,-1,0,0,0
62,p622,-1,0,0,-1,1,0,0,0,-1,0,0,0
62,p622,0,-1,0,-1,0,0,0,0,-1,0,0,0
62,p622,-1,1,0,0,1,0,0,0,-1,0,0,0
62,p622,1,0,0,1,-1,0,0,0,-1,0,0,0
63,p6122,1,0,0,0,1,0,0,0,1,0,0,0
63,p6122,0,-1,0,1,-1,0,0,0,1,0,0,4
63,p6122,-1,1,0,-1,0,0,0,0,1,0,0,8
63,p6122,-1,0,0,0,-1,0,0,0,1,0,0,6
63,p6122,0,1,0,-1,1,0,0,0,1,0,0,10
63,p6122,1,-1,0,1,0,0,0,0,1,0,0,2
63,p6122,0,1,0,1,0,0,0,0,-1,0,0,4
63,p6122,1,-1,0,0,-1,0,0,0,-1,0,0,0
63,p6122,-1,0,0,-1,1,0,0,0,-1,0,0,8
63,p6122,0,-1,0,-1,0,0,0,0,-1,0,0,10
63,p6122,-1,1,0,0,1,0,0,0,-1,0,0,6
63,p6122,1,0,0,1,-1,0,0,0,-1,0,0,2
64,p6222,1,0,0,0,1,0,0,0,1,0,0,0
64,p6222,0,-1,0,1,-1,0,0,0,1,0,0,8
64,p6222,-1,1,0,-1,0,0,0,0,1,0,0,4
64,p6222,-1,0,0,0,-1,0,0,0,1,0,0,0
64,p6222,0,1,0,-1,1,0,0,0,1,0,0,8
64,p6222,1,-1,0,1,0,0,0,0,1,0,0,4
64,p6222,0,1,0,1,0,0,0,0,-1,0,0,8
64,p6222,1,-1,0,0,-1,0,0,0,-1,0,0,0
64,p6222,-1,0,0,-1,1,0,0,0,-1,0,0,4
64,p6222,0,-1,0,-1,0,0,0,0,-1,0,0,8
64,p6222,-1,1,0,0,1,0,0,0,-1,0,0,0
64,p6222,1,0,0,1,-1,0,0,0,-1,0,0,4
65,p6322,1,0,0,0,1,0,0,0,1,0,0,0
65,p6322,0,-1,0,1,-1,0,0,0,1,0,0,0
65,p6322,-1,1,0,-1,0,0,0,0,1,0,0,0
65,p6322,-1,0,0,0,-1,0,0,0,1,0,0,6
65,p6322,0,1,0,-1,1,0,0,0,1,0,0,6
65,p6322,1,-1,0,1,0,0,0,0,1,0,0,6
65,p6322,0,1,0,1,0,0,0,0,-1,0,0,0
65,p6322,1,-1,0,0,-1,0,0,0,-1,0,0,0
65,p6322,-1,0,0,-1,1,0,0,0,-1,0,0,0
65,p6322,0,-1,0,-1,0,0,0,0,-1,0,0,6
65,p6322,-1,1,0,0,1,0,0,0,-1,0,0,6
65,p6322,1,0,0,1,-1,0,0,0,-1,0,0,6
66,p6422,1,0,0,0,1,0,0,0,1,0,0,0
66,p6422,0,-1,0,1,-1,0,0,0,1,0,0,4
66,p6422,-1,1,0,-1,0,0,0,0,1,0,0,8
66,p6422,-1,0,0,0,-1,0,0,0,1,0,0,0
66,p6422,0,1,0,-1,1,0,0,0,1,0,0,4
66,p6422,1,-1,0,1,0,0,0,0,1,0,0,8
66,p6422,0,1,0,1,0,0,0,0,-1,0,0,4
66,p6422,1,-1,0,0,-1,0,0,0,-1,0,0,0
66,p6422,-1,0,0,-1,1,0,0,0,-1,0,0,8
66,p6422,0,-1,0,-1,0,0,0,0,-1,0,0,4
66,p6422,-1,1,0,0,1,0,0,0,-1,0,0,0
66,p6422,1,0,0,1,-1,0,0,0,-1,0,0,8
67,p6522,1,0,0,0,1,0,0,0,1,0,0,0
67,p6522,0,-1,0,1,-1,0,0,0,1,0,0,8
67,p6522,-1,1,0,-1,0,0,0,0,1,0,0,4
67,p6522,-1,0,0,0,-1,0,0,0,1,0,0,6
67,p6522,0,1,0,-1,1,0,0,0,1,0,0,2
67,p6522,1,-1,0,1,0,0,0,0,1,0,0,10
67,p6522,0,1,0,1,0,0,0,0,-1,0,0,8
67,p6522,1,-1,0,0,-1,0,0,0,-1,0,0,0
67,p6522,-1,0,0,-1,1,0,0,0,-1,0,0,4
67,p6522,0,-1,0,-1,0,0,0,0,-1,0,0,2
67,p6522,-1,1,0,0,1,0,0,0,-1,0,0,6
67,p6522,1,0,0,1,-1,0,0,0,-1,0,0,10
68,p6mm,1,0,0,0,1,0,0,0,1,0,0,0
68,p6mm,0,-1,0,1,-1,0,0,0,1,0,0,0
68,p6mm,-1,1,0,-1,0,0,0,0,1,0,0,0
68,p6mm,-1,0,0,0,-1,0,0,0,1,0,0,0
68,p6mm,0,1,0,-1,1,0,0,0,1,0,0,0
68,p6mm,1,-1,0,1,0,0,0,0,1,0,0,0
68,p6mm,0,-1,0,-1,0,0,0,0,1,0,0,0
68,p6mm,-1,1,0,0,1,0,0,0,1,0,0,0
68,p6mm,1,0,0,1,-1,0,0,0,1,0,0,0
68,p6mm,0,1,0,1,0,0,0,0,1,0,0,0
68,p6mm,1,-1,0,0,-1,0,0,0,1,0,0,0
68,p6mm,-1,0,0,-1,1,0,0,0,1,0,0,0
69,p6cc,1,0,0,0,1,0,0,0,1,0,0,0
69,p6cc,0,-1,0,1,-1,0,0,0,1,0,0,0
69,p6cc,-1,1,0,-1,0,0,0,0,1,0,0,0
69,p6cc,-1,0,0,0,-1,0,0,0,1,0,0,0
69,p6cc,0,1,0,-1,1,0,0,0,1,0,0,0
69,p6cc,1,-1,0,1,0,0,0,0,1,0,0,0
69,p6cc,0,-1,0,-1,0,0,0,0,1,0,0,6
69,p6cc,-1,1,0,0,1,0,0,0,1,0,0,6
69,p6cc,1,0,0,1,-1,0,0,0,1,0,0,6
69,p6cc,0,1,0,1,0,0,0,0,1,0,0,6
69,p6cc,1,-1,0,0,-1,0,0,0,1,0,0,6
69,p6cc,-1,0,0,-1,1,0,0,0,1,0,0,6
70,p63mc,1,0,0,0,1,0,0,0,1,0,0,0
70,p63mc,0,-1,0,1,-1,0,0,0,1,0,0,0
70,p63mc,-1,1,0,-1,0,0,0,0,1,0,0,0
70,p63mc,-1,0,0,0,-1,0,0,0,1,0,0,6
70,p63mc,0,1,0,-1,1,0,0,0,1,0,0,6
70,p63mc,1,-1,0,1,0,0,0,0,1,0,0,6
70,p63mc,0,-1,0,-1,0,0,0,0,1,0,0,0
70,p63mc,-1,1,0,0,1,0,0,0,1,0,0,0
70,p63mc,1,0,0,1,-1,0,0,0,1,0,0,0
70,p63mc,0,1,0,1,0,0,0,0,1,0,0,6
70,p63mc,1,-1,0,0,-1,0,0,0,1,0,0,6
70,p63mc,-1,0,0,-1,1,0,0,0,1,0,0,6
71,p-6m2,1,0,0,0,1,0,0,0,1,0,0,0
71,p-6m2,0,-1,0,1,-1,0,0,0,1,0,0,0
71,p-6m2,-1,1,0,-1,0,0,0,0,1,0,0,0
71,p-6m2,1,0,0,0,1,0,0,0,-1,0,0,0
71,p-6m2,0,-1,0,1,-1,0,0,0,-1,0,0,0
71,p-6m2,-1,1,0,-1,0,0,0,0,-1,0,0,0
71,p-6m2,0,-1,0,-1,0,0,0,0,1,0,0,0
71,p-6m2,-1,1,0,0,1,0,0,0,1,0,0,0
71,p-6m2,1,0,0,1,-1,0,0,0,1,0,0,0
71,p-6m2,0,-1,0,-1,0,0,0,0,-1,0,0,0
71,p-6m2,-1,1,0,0,1,0,0,0,-1,0,0,0
71,p-6m2,1,0,0,1,-1,0,0,0,-1,0,0,0
72,p-6c2,1,0,0,0,1,0,0,0,1,0,0,0
72,p-6c2,0,-1,0,1,-1,0,0,0,1,0,0,0
72,p-6c2,-1,1,0,-1,0,0,0,0,1,0,0,0
72,p-6c2,1,0,0,0,1,0,0,0,-1,0,0,0
72,p-6c2,0,-1,0,1,-1,0,0,0,-1,0,0,0
72,p-6c2,-1,1,0,-1,0,0,0,0,-1,0,0,0
72,p-6c2,0,-1,0,-1,0,0,0,0,1,0,0,6
72,p-6c2,-1,1,0,0,1,0,0,0,1,0,0,6
72,p-6c2,1,0,0,1,-1,0,0,0,1,0,0,6
72,p-6c2,0,-1,0,-1,0,0,0,0,-1,0,0,6
72,p-6c2,-1,1,0,0,1,0,0,0,-1,0,0,6
72,p-6c2,1,0,0,1,-1,0,0,0,-1,0,0,6
73,p6/mmm,1,0,0,0,1,0,0,0,1,0,0,0
73,p6/mmm,0,-1,0,1,-1,0,0,0,1,0,0,0
73,p6/mmm,-1,1,0,-1,0,0,0,0,1,0,0,0
73,p6/mmm,-1,0,0,0,-1,0,0,0,1,0,0,0
73,p6/mmm,0,1,0,-1,1,0,0,0,1,0,0,0
73,p6/mmm,1,-1,0,1,0,0,0,0,1,0,0,0
73,p6/mmm,0,1,0,1,0,0,0,0,-1,0,0,0
73,p6/mmm,1,-1,0,0,-1,0,0,0,-1,0,0,0
73,p6/mmm,-1,0,0,-1,1,0,0,0,-1,0,0,0
73,p6/mmm,0,-1,0,-1,0,0,0,0,-1,0,0,0
73,p6/mmm,-1,1,0,0,1,0,0,0,-1,0,0,0
73,p6/mmm,1,0,0,1,-1,0,0,0,-1,0,0,0
73,p6/mmm,-1,0,0,0,-1,0,0,0,-1,0,0,0
73,p6/mmm,0,1,0,-1,1,0,0,0,-1,0,0,0
73,p6/mmm,1,-1,0,1,0,0,0,0,-1,0,0,0
73,p6/mmm,1,0,0,0,1,0,0,0,-1,0,0,0
73,p6/mmm,0,-1,0,1,-1,0,0,0,-1,0,0,0
73,p6/mmm,-1,1,0,-1,0,0,0,0,-1,0,0,0
73,p6/mmm,0,-1,0,-1,0,0,0,0,1,0,0,0
73,p6/mmm,-1,1,0,0,1,0,0,0,1,0,0,0
73,p6/mmm,1,0,0,1,-1,0,0,0,1,0,0,0
73,p6/mmm,0,1,0,1,0,0,0,0,1,0,0,0
73,p6/mmm,1,-1,0,0,-1,0,0,0,1,0,0,0
73,p6/mmm,-1,0,0,-1,1,0,0,0,1,0,0,0
74,p6/mcc,1,0,0,0,1,0,0,0,1,0,0,0
74,p6/mcc,0,-1,0,1,-1,0,0,0,1,0,0,0
74,p6/mcc,-1,1,0,-1,0,0,0,0,1,0,0,0
74,p6/mcc,-1,0,0,0,-1,0,0,0,1,0,0,0
74,p6/mcc,0,1,0,-1,1,0,0,0,1,0,0,0
74,p6/mcc,1,-1,0,1,0,0,0,0,1,0,0,0
74,p6/mcc,0,1,0,1,0,0,0,0,-1,0,0,6
74,p6/mcc,1,-1,0,0,-1,0,0,0,-1,0,0,6
74,p6/mcc,-1,0,0,-1,1,0,0,0,-1,0,0,6
74,p6/mcc,0,-1,0,-1,0,0,0,0,-1,0,0,6
74,p6/mcc,-1,1,0,0,1,0,0,0,-1,0,0,6
74,p6/mcc,1,0,0,1,-1,0,0,0,-1,0,0,6
74,p6/mcc,-1,0,0,0,-1,0,0,0,-1,0,0,0
74,p6/mcc,0,1,0,-1,1,0,0,0,-1,0,0,0
74,p6/mcc,1,-1,0,1,0,0,0,0,-1,0,0,0
74,p6/mcc,1,0,0,0,1,0,0,0,-1,0,0,0
74,p6/mcc,0,-1,0,1,-1,0,0,0,-1,0,0,0
74,p6/mcc,-1,1,0,-1,0,0,0,0,-1,0,0,0
74,p6/mcc,0,-1,0,-1,0,0,0,0,1,0,0,6
74,p6/mcc,-1,1,0,0,1,0,0,0,1,0,0,6
74,p6/mcc,1,0,0,1,-1,0,0,0,1,0,0,6
74,p6/mcc,0,1,0,1,0,0,0,0,1,0,0,6
74,p6/mcc,1,-1,0,0,-1,0,0,0,1,0,0,6
74,p6/mcc,-1,0,0,-1,1,0,0,0,1,0,0,6
75,p6/mmc,1,0,0,0,1,0,0,0,1,0,0,0
75,p6/mmc,0,-1,0,1,-1,0,0,0,1,0,0,0
75,p6/mmc,-1,1,0,-1,0,0,0,0,1,0,0,0
75,p6/mmc,-1,0,0,0,-1,0,0,0,1,0,0,6
75,p6/mmc,0,1,0,-1,1,0,0,0,1,0,0,6
75,p6/mmc,1,-1,0,1,0,0,0,0,1,0,0,6
75,p6/mmc,0,1,0,1,0,0,0,0,-1,0,0,0
75,p6/mmc,1,-1,0,0,-1,0,0,0,-1,0,0,0
75,p6/mmc,-1,0,0,-1,1,0,0,0,-1,0,0,0
75,p6/mmc,0,-1,0,-1,0,0,0,0,-1,0,0,6
75,p6/mmc,-1,1,0,0,1,0,0,0,-1,0,0,6
75,p6/mmc,1,0,0,1,-1,0,0,0,-1,0,0,6
75,p6/mmc,-1,0,0,0,-1,0,0,0,-1,0,0,0
75,p6/mmc,0,1,0,-1,1,0,0,0,-1,0,0,0
75,p6/mmc,1,-1,0,1,0,0,0,0,-1,0,0,0
75,p6/mmc,1,0,0,0,1,0,0,0,-1,0,0,6
75,p6/mmc,0,-1,0,1,-1,0,0,0,-1,0,0,6
75,p6/mmc,-1,1,0,-1,0,0,0,0,-1,0,0,6
75,p6/mmc,0,-1,0,-1,0,0,0,0,1,0,0,0
75,p6/mmc,-1,1,0,0,1,0,0,0,1,0,0,0
75,p6/mmc,1,0,0,1,-1,0,0,0,1,0,0,0
75,p6/mmc,0,1,0,1,0,0,0,0,1,0,0,6
75,p6/mmc,1,-1,0,0,-1,0,0,0,1,0,0,6
75,p6/mmc,-1,0,0,-1,1,0,0,0,1,0,0,6
